{
    "plugins\/legrandeco\/desktop\/php\/legrandeco.php": {
        "Ajouter un équipement": "Add equipment",
        "Rechercher": "Search",
        "Mes legrandeco": "My legrandeco",
        "Sauvegarder": "Save",
        "Supprimer": "Delete",
        "Configuration avancée": "Advanced setup",
        "Equipement": "Equipment",
        "Commandes": "Commands",
        "Nom du compteur": "Counter name",
        "Nom de l'équipement legrandeco": "Name of the equipment legrandeco",
        "Objet parent": "Parent object",
        "Aucun": "None",
        "Catégorie": "Category",
        "Activer": "Enable",
        "Visible": "Visible",
        "Commentaire": "Commentaire",
        "Adresse IP": "Adresse IP",
        "Nom": "Nom",
        "Valeur": "Valeur",
        "Paramètres": "Paramètres"
    },
    "plugins\/legrandeco\/desktop\/js\/legrandeco.js": {
        "Nom du capteur": "Nom du capteur",
        "Historiser": "Historiser",
        "Afficher": "Afficher"
    }
}